{"learning_rate":0.3899218829790233,"_wandb":{"runtime":260},"loss":7.975658416748047,"_timestamp":1.7341360946145763e+09,"_runtime":260.764394552,"_step":248,"regularization_coefficient":0.01}