{"_runtime":293.918287937,"_step":0,"_wandb":{"runtime":294},"loss":9.873313903808594,"_timestamp":1.7341335839702866e+09}