{"_wandb":{"runtime":270},"_runtime":270.632228056,"_step":248,"regularization_coefficient":0.01,"learning_rate":0.3899218829790233,"loss":13.067879676818848,"_timestamp":1.7341358233284104e+09}