{"_timestamp":1.7341388180724676e+09,"_runtime":319.22351216,"_step":995,"loss":18.139461517333984,"regularization_coeff":6.6813859939575195,"learning_rate":0.3899218829790233,"_wandb":{"runtime":319},"grad_norm":3.6935577392578125}