{"learning_rate":0.3899218829790233,"loss":9.873313903808594,"_timestamp":1.734135542474516e+09,"_runtime":293.700290198,"_wandb":{"runtime":293},"_step":248,"regularization_coefficient":0.01}