{"_step":995,"loss":1.5211669206619263,"regularization_coeff":0.12094561755657196,"learning_rate":0.3899218829790233,"_wandb":{"runtime":260},"grad_norm":0.47167688608169556,"_timestamp":1.7341384896129928e+09,"_runtime":260.253008178}