{"regularization_coeff":2.809201240539551,"learning_rate":0.3899218829790233,"_wandb":{"runtime":270},"grad_norm":2.2862048149108887,"_timestamp":1.7341379476820214e+09,"_runtime":270.170658251,"_step":995,"loss":13.067879676818848}