{"_timestamp":1.7341376670385017e+09,"_runtime":293.887615511,"_step":995,"grad_norm":2.149221181869507,"loss":9.873313903808594,"regularization_coeff":2.553870677947998,"learning_rate":0.3899218829790233,"_wandb":{"runtime":294}}