{"learning_rate":0.3899218829790233,"_wandb":{"runtime":261},"_runtime":261.158236675,"_step":995,"grad_norm":1.463843822479248,"_timestamp":1.734138219029898e+09,"loss":7.975658416748047,"regularization_coeff":1.427183747291565}